    <?xml version = "1.0"?>  
    <?xml-stylesheet type = "text/xsl" href = "employee.xsl"?>   
    <class>   
       <employee id = "001">  
          <firstname>Naman</firstname>   
          <lastname>Kaushik</lastname>   
          <nickname>Naman</nickname>   
          <salary>30000</salary>  
       </employee>   
       <employee id = "024">   
          <firstname>Kanishka</firstname>   
          <lastname></lastname>   
          <nickname>Pihu</nickname>   
          <salary>25000</salary>  
       </employee>   
       <employee id = "056">   
          <firstname>Nishant</firstname>   
          <lastname>Rai</lastname>   
          <nickname>ntr</nickname>   
          <salary>10000</salary>   
       </employee>   
    </class>   
